,contrast,energy,homo,corr
0,165.40636446886424,0.9893553193808104,0.989358368620614,0.012419602593768805
