,contrast,energy,homo,corr
0,1164.2454212454204,0.47248907897573494,0.4959665870425215,0.858457363014691
