,contrast,energy,homo,corr
0,1333.5283882783892,0.09720799493564308,0.16940702857493212,0.7098923572007205
