,contrast,energy,homo,corr
0,336.96920787545764,0.7536793679778527,0.7680441384269387,0.5517046835163635
