,contrast,energy,homo,corr
0,1185.3839285714294,0.18972127404655936,0.24890635828598986,0.862212053358942
