,contrast,energy,homo,corr
0,1996.077953296697,0.5399434576359017,0.5662072710725007,0.783989449979901
